Team,Mean Wins,Mean Losses,Max Wins,Min Wins,St.Dev,Win Division (%),Make Wild Card (%),Make Playoffs (%),Win League (%),Win WS (%),Division,date,Wins to Date,Losses to Date,Wins RoS,Losses RoS,Projected Wins,Projected Losses
ARI,84.0,78.0,119.0,47.0,9.777026104571474,13.61,32.22,45.83,6.12,2.86,NL West,2025-03-18 17:16:38.720494,,,,,,
ATH,75.0,87.0,113.0,36.0,9.928705014711792,5.34,9.54,14.89,1.66,0.68,AL West,2025-03-18 17:16:38.720494,,,,,,
ATL,92.0,70.0,127.0,56.0,9.789380756655634,42.48,35.09,77.57,17.03,9.6,NL East,2025-03-18 17:16:38.720494,,,,,,
BAL,88.0,74.0,125.0,54.0,9.848925182163894,27.21,31.19,58.39,11.73,5.78,AL East,2025-03-18 17:16:38.720494,,,,,,
BOS,83.0,79.0,122.0,45.0,9.982246682107226,14.18,24.7,38.88,6.25,2.84,AL East,2025-03-18 17:16:38.720494,,,,,,
CHC,85.0,77.0,128.0,48.0,9.842969074522662,36.27,16.27,52.54,7.31,3.55,NL Central,2025-03-18 17:16:38.720494,,,,,,
CHW,64.0,98.0,104.0,32.0,9.604708422497476,0.86,1.0,1.86,0.1,0.03,AL Central,2025-03-18 17:16:38.720494,,,,,,
CIN,78.0,84.0,116.0,36.0,9.814837978781298,14.2,12.03,26.22,2.6,1.16,NL Central,2025-03-18 17:16:38.720494,,,,,,
CLE,80.0,82.0,117.0,37.0,9.901492298006714,16.38,14.41,30.79,3.77,1.55,AL Central,2025-03-18 17:16:38.720494,,,,,,
COL,62.0,100.0,98.0,28.0,9.441618183219262,0.11,1.18,1.29,0.07,0.01,NL West,2025-03-18 17:16:38.720494,,,,,,
DET,82.0,80.0,118.0,40.0,9.966601299067433,22.44,16.1,38.54,5.33,2.39,AL Central,2025-03-18 17:16:38.720494,,,,,,
HOU,86.0,76.0,125.0,44.0,9.969375642437932,28.32,25.3,53.62,10.06,4.78,AL West,2025-03-18 17:16:38.720494,,,,,,
KCR,80.0,82.0,117.0,42.0,9.777066021614049,17.89,14.67,32.55,4.08,1.77,AL Central,2025-03-18 17:16:38.720494,,,,,,
LAA,76.0,86.0,113.0,40.0,9.87024551859422,6.33,11.68,18.02,1.94,0.69,AL West,2025-03-18 17:16:38.720494,,,,,,
LAD,96.0,66.0,134.0,54.0,9.644187322680756,65.13,22.69,87.82,26.29,15.49,NL West,2025-03-18 17:16:38.720494,,,,,,
MIA,67.0,95.0,107.0,29.0,9.78757209824676,0.73,3.64,4.37,0.24,0.1,NL East,2025-03-18 17:16:38.720494,,,,,,
MIL,80.0,82.0,115.0,37.0,9.904665923586371,20.46,14.12,34.58,3.82,1.78,NL Central,2025-03-18 17:16:38.720494,,,,,,
MIN,86.0,76.0,124.0,49.0,9.774604482261136,42.42,16.66,59.08,10.66,5.12,AL Central,2025-03-18 17:16:38.720494,,,,,,
NYM,88.0,74.0,126.0,52.0,9.819328763126729,27.37,38.25,65.61,11.07,5.7,NL East,2025-03-18 17:16:38.720494,,,,,,
NYY,87.0,75.0,123.0,50.0,9.827801833672911,28.21,32.09,60.3,12.04,6.13,AL East,2025-03-18 17:16:38.720494,,,,,,
PHI,88.0,74.0,129.0,43.0,9.743793751580212,28.19,38.27,66.47,11.34,5.63,NL East,2025-03-18 17:16:38.720494,,,,,,
PIT,75.0,87.0,114.0,37.0,9.88120971100035,10.89,9.32,20.21,1.76,0.71,NL Central,2025-03-18 17:16:38.720494,,,,,,
SDP,83.0,79.0,120.0,46.0,9.885971405053274,12.72,31.72,44.44,5.52,2.8,NL West,2025-03-18 17:16:38.720494,,,,,,
SEA,85.0,77.0,123.0,49.0,9.775043932596612,25.39,25.64,51.02,8.31,3.84,AL West,2025-03-18 17:16:38.720494,,,,,,
SFG,80.0,82.0,119.0,43.0,9.931196044296168,8.43,24.98,33.41,3.3,1.51,NL West,2025-03-18 17:16:38.720494,,,,,,
STL,79.0,83.0,116.0,39.0,9.866933353184752,18.18,13.68,31.86,3.0,1.29,NL Central,2025-03-18 17:16:38.720494,,,,,,
TBR,81.0,81.0,121.0,44.0,9.921302764754614,11.41,23.36,34.77,4.55,2.14,AL East,2025-03-18 17:16:38.720494,,,,,,
TEX,87.0,75.0,125.0,51.0,9.8535727034539,34.62,25.02,59.64,11.51,5.91,AL West,2025-03-18 17:16:38.720494,,,,,,
TOR,84.0,78.0,123.0,41.0,9.925220917466389,19.0,28.64,47.64,8.0,3.94,AL East,2025-03-18 17:16:38.720494,,,,,,
WSN,70.0,92.0,109.0,35.0,9.680127758514928,1.23,6.55,7.78,0.52,0.21,NL East,2025-03-18 17:16:38.720494,,,,,,
ARI,84.0,78.0,119.0,47.0,9.86316162991697,14.15,31.96,46.11,6.16,2.91,NL West,2025-03-26 09:18:34.722819,,,,,,
ATH,74.0,88.0,113.0,36.0,10.012893780625689,5.15,8.91,14.06,1.54,0.6,AL West,2025-03-26 09:18:34.722819,,,,,,
ATL,93.0,69.0,127.0,56.0,9.86131274143809,43.15,35.82,78.97,17.75,10.03,NL East,2025-03-26 09:18:34.722819,,,,,,
BAL,87.0,75.0,125.0,52.0,9.938835128911562,25.75,31.18,56.93,11.42,5.61,AL East,2025-03-26 09:18:34.722819,,,,,,
BOS,83.0,79.0,122.0,45.0,10.065117569585771,14.04,24.91,38.95,6.25,2.92,AL East,2025-03-26 09:18:34.722819,,,,,,
CHC,85.0,77.0,126.0,47.0,9.929929691855072,35.91,16.34,52.24,7.17,3.42,NL Central,2025-03-26 09:18:34.722819,,,,,,
CHW,64.0,98.0,105.0,32.0,9.699465282753431,1.0,1.06,2.06,0.12,0.06,AL Central,2025-03-26 09:18:34.722819,,,,,,
CIN,78.0,84.0,117.0,36.0,9.906540131366205,14.17,11.95,26.11,2.57,1.21,NL Central,2025-03-26 09:18:34.722819,,,,,,
CLE,81.0,81.0,118.0,38.0,9.998658446813598,18.32,15.4,33.72,4.43,1.86,AL Central,2025-03-26 09:18:34.722819,,,,,,
COL,61.0,101.0,98.0,26.0,9.488449031888804,0.1,0.97,1.07,0.04,0.01,NL West,2025-03-26 09:18:34.722819,,,,,,
DET,81.0,81.0,118.0,40.0,10.058454572419116,21.27,15.73,37.0,5.12,2.34,AL Central,2025-03-26 09:18:34.722819,,,,,,
HOU,85.0,77.0,125.0,43.0,10.06096568869159,26.85,24.5,51.35,9.26,4.38,AL West,2025-03-26 09:18:34.722819,,,,,,
KCR,80.0,82.0,117.0,43.0,9.86266107811059,17.92,15.05,32.98,4.06,1.73,AL Central,2025-03-26 09:18:34.722819,,,,,,
LAA,75.0,87.0,114.0,40.0,9.952657552614648,6.07,10.9,16.98,1.77,0.68,AL West,2025-03-26 09:18:34.722819,,,,,,
LAD,96.0,66.0,135.0,54.0,9.735382238174656,64.69,22.54,87.22,25.49,14.99,NL West,2025-03-26 09:18:34.722819,,,,,,
MIA,67.0,95.0,107.0,29.0,9.852201585625652,0.6,3.52,4.12,0.24,0.09,NL East,2025-03-26 09:18:34.722819,,,,,,
MIL,80.0,82.0,115.0,37.0,9.989854268051896,20.61,14.24,34.86,3.88,1.8,NL Central,2025-03-26 09:18:34.722819,,,,,,
MIN,86.0,76.0,124.0,49.0,9.850549561640364,41.5,16.8,58.3,10.46,5.05,AL Central,2025-03-26 09:18:34.722819,,,,,,
NYM,88.0,74.0,126.0,52.0,9.8950613622134,26.43,39.23,65.66,11.02,5.68,NL East,2025-03-26 09:18:34.722819,,,,,,
NYY,88.0,74.0,124.0,51.0,9.91011003024389,27.74,32.23,59.98,11.88,6.14,AL East,2025-03-26 09:18:34.722819,,,,,,
PHI,89.0,73.0,129.0,43.0,9.804719492352458,28.62,39.35,67.97,11.99,6.06,NL East,2025-03-26 09:18:34.722819,,,,,,
PIT,75.0,87.0,114.0,37.0,9.96961630016213,10.85,9.31,20.16,1.66,0.64,NL Central,2025-03-26 09:18:34.722819,,,,,,
SDP,82.0,80.0,120.0,44.0,9.959405735189732,12.23,29.75,41.98,5.12,2.53,NL West,2025-03-26 09:18:34.722819,,,,,,
SEA,86.0,76.0,123.0,49.0,9.850113512762707,28.06,25.5,53.55,9.11,4.19,AL West,2025-03-26 09:18:34.722819,,,,,,
SFG,80.0,82.0,119.0,43.0,10.00715675188578,8.82,24.7,33.53,3.29,1.47,NL West,2025-03-26 09:18:34.722819,,,,,,
STL,79.0,83.0,116.0,39.0,9.955761425264113,18.46,13.69,32.15,3.12,1.32,NL Central,2025-03-26 09:18:34.722819,,,,,,
TBR,81.0,81.0,121.0,44.0,10.006386735419277,11.65,23.61,35.25,4.66,2.17,AL East,2025-03-26 09:18:34.722819,,,,,,
TEX,87.0,75.0,124.0,51.0,9.946555096510266,33.88,24.22,58.09,10.96,5.45,AL West,2025-03-26 09:18:34.722819,,,,,,
TOR,85.0,77.0,127.0,43.0,10.008784816283931,20.81,30.0,50.8,8.96,4.46,AL East,2025-03-26 09:18:34.722819,,,,,,
WSN,70.0,92.0,109.0,35.0,9.756900196531276,1.21,6.64,7.84,0.5,0.2,NL East,2025-03-26 09:18:34.722819,,,,,,
ARI,85.0,77.0,118.0,47.0,9.706359689446948,15.98,32.8,48.77,6.93,3.21,NL West,2025-05-29 21:07:39.707919,,,,,,
LAD,,,,,,62.63,23.49,86.12,24.92,14.27,,,34.0,22.0,61.0,45.0,95.0,67.0
ATL,,,,,,39.41,35.85,75.27,16.11,8.91,,,25.0,28.0,66.0,43.0,91.0,71.0
PHI,,,,,,30.04,37.62,67.66,11.87,6.13,,,35.0,19.0,54.0,54.0,89.0,73.0
NYM,,,,,,28.79,38.11,66.9,11.64,5.95,,,34.0,22.0,55.0,51.0,89.0,73.0
NYY,,,,,,27.48,32.75,60.22,11.89,6.26,,,35.0,20.0,53.0,54.0,88.0,74.0
MIN,,,,,,45.87,16.52,62.39,11.91,5.92,,,30.0,25.0,57.0,50.0,87.0,75.0
SEA,,,,,,36.48,24.7,61.18,11.74,5.78,,,30.0,24.0,57.0,51.0,87.0,75.0
BAL,,,,,,22.77,31.03,53.8,10.16,5.04,,,19.0,36.0,67.0,40.0,86.0,76.0
ARI,,,,,,15.98,32.8,48.77,6.93,3.21,,,27.0,29.0,58.0,48.0,85.0,77.0
HOU,,,,,,26.06,23.46,49.52,8.62,4.14,,,30.0,25.0,55.0,52.0,85.0,77.0
TOR,,,,,,21.59,31.24,52.83,9.69,4.78,,,27.0,28.0,58.0,49.0,85.0,77.0
CHC,,,,,,34.68,16.7,51.38,7.28,3.35,,,35.0,21.0,49.0,57.0,84.0,78.0
TEX,,,,,,26.53,23.15,49.69,7.89,3.89,,,27.0,30.0,57.0,48.0,84.0,78.0
BOS,,,,,,15.38,26.77,42.14,7.0,3.45,,,27.0,31.0,56.0,48.0,83.0,79.0
SDP,,,,,,11.19,28.21,39.4,4.72,2.3,,,31.0,23.0,51.0,57.0,82.0,80.0
TBR,,,,,,12.78,25.39,38.17,5.32,2.51,,,28.0,27.0,54.0,53.0,82.0,80.0
SFG,,,,,,10.04,26.05,36.09,3.85,1.8,,,31.0,25.0,50.0,56.0,81.0,81.0
MIL,,,,,,21.86,14.67,36.52,4.08,1.88,,,29.0,28.0,52.0,53.0,81.0,81.0
DET,,,,,,19.03,15.04,34.06,4.61,2.05,,,37.0,20.0,44.0,61.0,81.0,81.0
CLE,,,,,,17.71,15.17,32.88,4.19,1.8,,,30.0,25.0,50.0,57.0,80.0,82.0
KCR,,,,,,16.45,14.68,31.13,3.74,1.59,,,30.0,27.0,50.0,55.0,80.0,82.0
CIN,,,,,,15.59,12.88,28.46,2.96,1.31,,,28.0,29.0,51.0,54.0,79.0,83.0
STL,,,,,,17.14,13.33,30.47,3.08,1.33,,,32.0,24.0,46.0,60.0,78.0,84.0
PIT,,,,,,10.73,9.39,20.12,1.75,0.78,,,21.0,36.0,54.0,51.0,75.0,87.0
ATH,,,,,,5.5,9.3,14.81,1.59,0.66,,,23.0,33.0,52.0,54.0,75.0,87.0
LAA,,,,,,5.42,9.57,14.99,1.57,0.62,,,25.0,30.0,50.0,57.0,75.0,87.0
WSN,,,,,,1.23,6.59,7.81,0.51,0.21,,,25.0,30.0,45.0,62.0,70.0,92.0
MIA,,,,,,0.54,2.93,3.47,0.22,0.05,,,22.0,32.0,44.0,64.0,66.0,96.0
CHW,,,,,,0.95,1.26,2.2,0.1,0.03,,,18.0,38.0,46.0,60.0,64.0,98.0
COL,,,,,,0.17,1.4,1.56,0.08,0.02,,,9.0,47.0,54.0,52.0,63.0,99.0
LAD,,,,,,74.0,19.48,93.47,27.96,16.0,,2025-05-30 15:59:32.841803,34.0,22.0,63.0,43.0,97.0,65.0
NYY,,,,,,64.17,22.48,86.65,18.77,9.35,,2025-05-30 15:59:32.841803,35.0,20.0,58.0,49.0,93.0,69.0
PHI,,,,,,51.35,35.66,87.02,15.38,8.0,,2025-05-30 15:59:32.841803,36.0,20.0,57.0,49.0,93.0,69.0
NYM,,,,,,37.66,43.36,81.02,14.61,7.49,,2025-05-30 15:59:32.841803,34.0,22.0,58.0,48.0,92.0,70.0
DET,,,,,,44.66,30.34,75.0,9.62,3.92,,2025-05-30 15:59:32.841803,37.0,20.0,53.0,52.0,90.0,72.0
CHC,,,,,,58.17,17.2,75.38,10.06,4.64,,2025-05-30 15:59:32.841803,35.0,21.0,55.0,51.0,90.0,72.0
SEA,,,,,,46.37,22.49,68.86,13.54,6.84,,2025-05-30 15:59:32.841803,30.0,25.0,57.0,50.0,87.0,75.0
MIN,,,,,,32.72,32.95,65.67,12.13,6.1,,2025-05-30 15:59:32.841803,30.0,25.0,57.0,49.0,87.0,74.0
HOU,,,,,,32.98,24.71,57.69,9.41,4.29,,2025-05-30 15:59:32.841803,30.0,26.0,56.0,50.0,86.0,76.0
SDP,,,,,,11.71,36.7,48.41,5.27,2.34,,2025-05-30 15:59:32.841803,31.0,23.0,54.0,54.0,85.0,77.0
ATL,,,,,,10.7,37.18,47.87,9.3,5.32,,2025-05-30 15:59:32.841803,26.0,29.0,59.0,46.0,85.0,75.0
SFG,,,,,,8.94,31.83,40.77,4.28,1.88,,2025-05-30 15:59:32.841803,31.0,25.0,53.0,53.0,84.0,78.0
TOR,,,,,,16.02,32.85,48.87,8.17,4.17,,2025-05-30 15:59:32.841803,28.0,28.0,56.0,49.0,84.0,77.0
STL,,,,,,23.2,20.84,44.04,3.91,1.58,,2025-05-30 15:59:32.841803,32.0,24.0,52.0,54.0,84.0,78.0
ARI,,,,,,5.36,28.67,34.02,4.45,2.27,,2025-05-30 15:59:32.841803,27.0,29.0,56.0,50.0,83.0,79.0
CLE,,,,,,12.16,26.57,38.73,4.95,2.23,,2025-05-30 15:59:32.841803,30.0,25.0,53.0,53.0,83.0,78.0
TBR,,,,,,10.93,29.2,40.12,5.36,2.44,,2025-05-30 15:59:32.841803,29.0,27.0,54.0,52.0,83.0,79.0
KCR,,,,,,10.45,23.7,34.14,4.0,1.72,,2025-05-30 15:59:32.841803,30.0,27.0,52.0,53.0,82.0,80.0
TEX,,,,,,17.12,19.91,37.04,6.27,3.04,,2025-05-30 15:59:32.841803,27.0,30.0,55.0,50.0,82.0,80.0
MIL,,,,,,11.87,15.28,27.14,2.77,1.43,,2025-05-30 15:59:32.841803,29.0,28.0,52.0,53.0,81.0,81.0
BOS,,,,,,7.27,20.14,27.41,4.6,2.4,,2025-05-30 15:59:32.841803,27.0,31.0,54.0,50.0,81.0,81.0
CIN,,,,,,6.21,9.05,15.27,1.54,0.73,,2025-05-30 15:59:32.841803,28.0,29.0,50.0,55.0,78.0,84.0
BAL,,,,,,1.62,7.58,9.2,2.04,1.19,,2025-05-30 15:59:32.841803,19.0,36.0,56.0,50.0,75.0,86.0
LAA,,,,,,2.67,4.81,7.48,0.75,0.3,,2025-05-30 15:59:32.841803,25.0,30.0,49.0,58.0,74.0,88.0
WSN,,,,,,0.26,3.15,3.4,0.23,0.06,,2025-05-30 15:59:32.841803,26.0,30.0,46.0,59.0,72.0,89.0
ATH,,,,,,0.86,2.23,3.09,0.39,0.16,,2025-05-30 15:59:32.841803,23.0,34.0,48.0,57.0,71.0,91.0
PIT,,,,,,0.55,1.3,1.85,0.2,0.09,,2025-05-30 15:59:32.841803,21.0,36.0,49.0,56.0,70.0,92.0
MIA,,,,,,0.04,0.32,0.36,0.03,0.01,,2025-05-30 15:59:32.841803,22.0,32.0,44.0,63.0,66.0,95.0
CHW,,,,,,0.01,0.03,0.04,0.01,0.0,,2025-05-30 15:59:32.841803,18.0,38.0,42.0,64.0,60.0,102.0
COL,,,,,,0.0,0.0,0.0,0.0,0.0,,2025-05-30 15:59:32.841803,9.0,47.0,41.0,65.0,50.0,112.0
LAD,,,,,,74.48,19.56,94.05,28.21,16.2,,2025-05-31 11:02:34.603281,35.0,22.0,62.0,43.0,97.0,65.0
PHI,,,,,,49.3,36.44,85.73,15.7,7.96,,2025-05-31 11:02:34.603281,36.0,21.0,57.0,48.0,93.0,69.0
NYM,,,,,,40.78,41.38,82.16,14.6,7.46,,2025-05-31 11:02:34.603281,35.0,22.0,57.0,48.0,92.0,70.0
NYY,,,,,,61.5,23.85,85.36,18.3,9.04,,2025-05-31 11:02:34.603281,35.0,21.0,57.0,49.0,92.0,70.0
CHC,,,,,,55.48,17.09,72.58,9.5,4.32,,2025-05-31 11:02:34.603281,35.0,22.0,55.0,50.0,90.0,72.0
DET,,,,,,46.63,30.48,77.12,9.73,4.08,,2025-05-31 11:02:34.603281,38.0,20.0,52.0,52.0,90.0,72.0
MIN,,,,,,34.38,33.15,67.53,12.52,5.96,,2025-05-31 11:02:34.603281,31.0,25.0,57.0,48.0,88.0,73.0
SEA,,,,,,41.92,23.52,65.44,12.46,6.43,,2025-05-31 11:02:34.603281,30.0,26.0,57.0,49.0,87.0,75.0
SDP,,,,,,12.47,38.59,51.07,5.39,2.51,,2025-05-31 11:02:34.603281,32.0,23.0,54.0,53.0,86.0,76.0
HOU,,,,,,35.79,24.12,59.91,9.82,4.7,,2025-05-31 11:02:34.603281,31.0,26.0,55.0,50.0,86.0,76.0
ATL,,,,,,9.55,35.88,45.43,8.75,4.95,,2025-05-31 11:02:34.603281,26.0,30.0,59.0,45.0,85.0,75.0
TOR,,,,,,17.77,33.36,51.13,9.11,4.68,,2025-05-31 11:02:34.603281,29.0,28.0,55.0,49.0,84.0,77.0
SFG,,,,,,8.86,34.17,43.04,4.55,2.12,,2025-05-31 11:02:34.603281,32.0,25.0,52.0,53.0,84.0,78.0
STL,,,,,,22.49,19.49,41.98,3.65,1.56,,2025-05-31 11:02:34.603281,32.0,25.0,51.0,54.0,83.0,79.0
MIL,,,,,,14.5,15.27,29.77,3.24,1.55,,2025-05-31 11:02:34.603281,30.0,28.0,52.0,52.0,82.0,80.0
TBR,,,,,,10.58,26.82,37.4,5.14,2.31,,2025-05-31 11:02:34.603281,29.0,28.0,53.0,52.0,82.0,80.0
ARI,,,,,,4.18,26.85,31.03,4.21,2.1,,2025-05-31 11:02:34.603281,27.0,30.0,55.0,50.0,82.0,80.0
CLE,,,,,,10.12,25.2,35.32,4.44,1.91,,2025-05-31 11:02:34.603281,30.0,26.0,52.0,53.0,82.0,79.0
TEX,,,,,,18.06,19.41,37.46,6.09,3.08,,2025-05-31 11:02:34.603281,28.0,30.0,54.0,50.0,82.0,80.0
BOS,,,,,,8.11,21.04,29.15,5.03,2.56,,2025-05-31 11:02:34.603281,28.0,31.0,53.0,50.0,81.0,81.0
KCR,,,,,,8.86,23.34,32.2,3.83,1.71,,2025-05-31 11:02:34.603281,30.0,28.0,51.0,53.0,81.0,81.0
CIN,,,,,,6.92,10.17,17.08,1.74,0.78,,2025-05-31 11:02:34.603281,29.0,29.0,50.0,54.0,79.0,83.0
BAL,,,,,,2.04,8.29,10.33,2.19,1.26,,2025-05-31 11:02:34.603281,20.0,36.0,56.0,49.0,76.0,85.0
LAA,,,,,,3.28,5.57,8.85,1.0,0.41,,2025-05-31 11:02:34.603281,26.0,30.0,48.0,58.0,74.0,88.0
WSN,,,,,,0.34,3.55,3.9,0.29,0.12,,2025-05-31 11:02:34.603281,27.0,30.0,45.0,59.0,72.0,89.0
ATH,,,,,,0.95,1.8,2.75,0.35,0.17,,2025-05-31 11:02:34.603281,23.0,35.0,48.0,56.0,71.0,91.0
PIT,,,,,,0.61,1.18,1.79,0.14,0.06,,2025-05-31 11:02:34.603281,21.0,37.0,49.0,55.0,70.0,92.0
MIA,,,,,,0.03,0.36,0.39,0.02,0.01,,2025-05-31 11:02:34.603281,22.0,33.0,43.0,63.0,65.0,96.0
CHW,,,,,,0.0,0.05,0.05,0.0,0.0,,2025-05-31 11:02:34.603281,18.0,39.0,41.0,64.0,59.0,103.0
COL,,,,,,0.0,0.01,0.01,0.0,0.0,,2025-05-31 11:02:34.603281,9.0,48.0,41.0,64.0,50.0,112.0
LAD,,,,,,75.55,18.91,94.46,28.13,16.38,,2025-06-02 09:39:15.516039,36.0,23.0,61.0,42.0,97.0,65.0
NYM,,,,,,47.68,37.3,84.97,15.69,8.02,,2025-06-02 09:39:15.516039,37.0,22.0,56.0,47.0,93.0,69.0
PHI,,,,,,42.3,39.62,81.92,14.24,7.56,,2025-06-02 09:39:15.516039,36.0,23.0,56.0,47.0,92.0,70.0
NYY,,,,,,60.75,24.93,85.69,18.55,9.28,,2025-06-02 09:39:15.516039,36.0,22.0,56.0,48.0,92.0,70.0
CHC,,,,,,59.24,17.94,77.18,10.54,4.88,,2025-06-02 09:39:15.516039,37.0,22.0,54.0,49.0,91.0,71.0
DET,,,,,,47.85,28.79,76.65,9.17,3.6,,2025-06-02 09:39:15.516039,39.0,21.0,51.0,51.0,90.0,72.0
SEA,,,,,,46.91,22.87,69.77,13.14,6.49,,2025-06-02 09:39:15.516039,32.0,26.0,56.0,48.0,88.0,74.0
MIN,,,,,,29.43,31.89,61.32,11.8,5.92,,2025-06-02 09:39:15.516039,31.0,27.0,56.0,47.0,87.0,74.0
SDP,,,,,,11.98,39.12,51.11,5.68,2.71,,2025-06-02 09:39:15.516039,33.0,24.0,53.0,52.0,86.0,76.0
HOU,,,,,,33.48,25.24,58.72,9.47,4.46,,2025-06-02 09:39:15.516039,32.0,27.0,54.0,49.0,86.0,76.0
ATL,,,,,,9.59,33.86,43.45,8.53,4.84,,2025-06-02 09:39:15.516039,27.0,31.0,58.0,44.0,85.0,75.0
TOR,,,,,,19.97,35.3,55.27,9.43,4.58,,2025-06-02 09:39:15.516039,31.0,28.0,54.0,48.0,85.0,76.0
SFG,,,,,,8.34,33.89,42.23,4.32,2.0,,2025-06-02 09:39:15.516039,33.0,26.0,51.0,52.0,84.0,78.0
STL,,,,,,20.25,21.81,42.06,3.59,1.52,,2025-06-02 09:39:15.516039,33.0,26.0,51.0,52.0,84.0,78.0
MIL,,,,,,15.62,18.59,34.22,3.69,1.62,,2025-06-02 09:39:15.516039,32.0,28.0,51.0,51.0,83.0,79.0
CLE,,,,,,13.62,27.48,41.11,5.08,2.18,,2025-06-02 09:39:15.516039,32.0,26.0,51.0,52.0,83.0,78.0
TEX,,,,,,17.06,20.2,37.26,5.92,2.78,,2025-06-02 09:39:15.516039,29.0,31.0,53.0,49.0,82.0,80.0
ARI,,,,,,4.12,25.93,30.05,3.92,1.98,,2025-06-02 09:39:15.516039,28.0,31.0,54.0,49.0,82.0,80.0
TBR,,,,,,9.63,26.11,35.74,5.29,2.44,,2025-06-02 09:39:15.516039,30.0,29.0,52.0,51.0,82.0,80.0
BOS,,,,,,7.62,21.0,28.62,5.03,2.5,,2025-06-02 09:39:15.516039,29.0,32.0,52.0,49.0,81.0,81.0
KCR,,,,,,9.09,22.07,31.16,3.86,1.79,,2025-06-02 09:39:15.516039,31.0,29.0,50.0,52.0,81.0,81.0
CIN,,,,,,4.47,8.42,12.89,1.24,0.6,,2025-06-02 09:39:15.516039,29.0,31.0,49.0,53.0,78.0,84.0
BAL,,,,,,2.02,8.97,11.0,2.4,1.26,,2025-06-02 09:39:15.516039,22.0,36.0,55.0,48.0,77.0,84.0
WSN,,,,,,0.41,3.35,3.75,0.26,0.1,,2025-06-02 09:39:15.516039,28.0,31.0,45.0,57.0,73.0,88.0
LAA,,,,,,2.04,3.85,5.9,0.64,0.29,,2025-06-02 09:39:15.516039,26.0,32.0,47.0,57.0,73.0,89.0
ATH,,,,,,0.51,1.25,1.75,0.2,0.12,,2025-06-02 09:39:15.516039,23.0,37.0,47.0,55.0,70.0,92.0
PIT,,,,,,0.41,0.94,1.35,0.14,0.04,,2025-06-02 09:39:15.516039,22.0,38.0,47.0,55.0,69.0,93.0
MIA,,,,,,0.02,0.33,0.35,0.03,0.02,,2025-06-02 09:39:15.516039,23.0,34.0,43.0,61.0,66.0,95.0
CHW,,,,,,0.01,0.03,0.03,0.0,0.0,,2025-06-02 09:39:15.516039,18.0,41.0,41.0,62.0,59.0,103.0
COL,,,,,,0.0,0.0,0.0,0.0,0.0,,2025-06-02 09:39:15.516039,9.0,50.0,40.0,63.0,49.0,113.0
LAD,,,,,,74.13,19.24,93.38,28.32,16.59,,2025-06-03 08:12:42.266895,36.0,24.0,60.0,42.0,96.0,66.0
NYM,,,,,,49.59,37.52,87.12,15.95,8.4,,2025-06-03 08:12:42.266895,38.0,22.0,55.0,47.0,93.0,69.0
PHI,,,,,,40.86,41.39,82.25,14.41,7.58,,2025-06-03 08:12:42.266895,36.0,23.0,56.0,47.0,92.0,70.0
NYY,,,,,,60.58,24.16,84.73,18.64,9.0,,2025-06-03 08:12:42.266895,36.0,22.0,56.0,48.0,92.0,70.0
CHC,,,,,,58.73,18.22,76.95,10.25,4.83,,2025-06-03 08:12:42.266895,37.0,22.0,54.0,49.0,91.0,71.0
DET,,,,,,48.85,28.97,77.83,9.5,3.84,,2025-06-03 08:12:42.266895,40.0,21.0,50.0,51.0,90.0,72.0
SEA,,,,,,47.32,22.95,70.27,13.49,6.73,,2025-06-03 08:12:42.266895,32.0,26.0,56.0,48.0,88.0,74.0
MIN,,,,,,30.59,33.45,64.04,11.58,5.74,,2025-06-03 08:12:42.266895,32.0,27.0,55.0,47.0,87.0,74.0
SDP,,,,,,13.73,39.19,52.92,5.5,2.44,,2025-06-03 08:12:42.266895,34.0,24.0,52.0,52.0,86.0,76.0
HOU,,,,,,32.91,26.35,59.25,9.81,4.56,,2025-06-03 08:12:42.266895,32.0,27.0,54.0,49.0,86.0,76.0
TOR,,,,,,20.65,34.27,54.92,9.8,4.79,,2025-06-03 08:12:42.266895,31.0,28.0,54.0,48.0,85.0,76.0
ATL,,,,,,9.16,34.07,43.23,8.5,4.75,,2025-06-03 08:12:42.266895,27.0,31.0,58.0,44.0,85.0,75.0
STL,,,,,,19.9,21.79,41.69,3.69,1.65,,2025-06-03 08:12:42.266895,33.0,26.0,51.0,52.0,84.0,78.0
SFG,,,,,,7.85,31.66,39.51,3.91,1.7,,2025-06-03 08:12:42.266895,33.0,27.0,50.0,52.0,83.0,79.0
MIL,,,,,,17.03,20.04,37.08,3.94,1.94,,2025-06-03 08:12:42.266895,33.0,28.0,50.0,51.0,83.0,79.0
CLE,,,,,,12.29,27.37,39.66,4.78,2.02,,2025-06-03 08:12:42.266895,32.0,26.0,51.0,52.0,83.0,78.0
TBR,,,,,,10.23,26.44,36.67,5.22,2.25,,2025-06-03 08:12:42.266895,30.0,29.0,52.0,51.0,82.0,80.0
ARI,,,,,,4.28,24.75,29.03,3.98,1.91,,2025-06-03 08:12:42.266895,28.0,31.0,54.0,49.0,82.0,80.0
TEX,,,,,,16.88,20.32,37.19,5.93,2.86,,2025-06-03 08:12:42.266895,29.0,31.0,53.0,49.0,82.0,80.0
BOS,,,,,,6.39,19.33,25.72,4.32,2.15,,2025-06-03 08:12:42.266895,29.0,33.0,52.0,48.0,81.0,81.0
KCR,,,,,,8.25,22.41,30.66,3.52,1.65,,2025-06-03 08:12:42.266895,31.0,29.0,50.0,52.0,81.0,81.0
BAL,,,,,,2.15,8.89,11.05,2.5,1.44,,2025-06-03 08:12:42.266895,22.0,36.0,55.0,48.0,77.0,84.0
CIN,,,,,,3.91,7.49,11.39,1.06,0.51,,2025-06-03 08:12:42.266895,29.0,32.0,48.0,53.0,77.0,85.0
LAA,,,,,,2.44,4.12,6.57,0.69,0.33,,2025-06-03 08:12:42.266895,27.0,32.0,47.0,56.0,74.0,88.0
WSN,,,,,,0.37,3.4,3.77,0.33,0.15,,2025-06-03 08:12:42.266895,28.0,31.0,44.0,58.0,72.0,89.0
PIT,,,,,,0.43,0.97,1.41,0.14,0.08,,2025-06-03 08:12:42.266895,22.0,38.0,48.0,54.0,70.0,92.0
ATH,,,,,,0.46,0.98,1.44,0.21,0.1,,2025-06-03 08:12:42.266895,23.0,38.0,46.0,55.0,69.0,93.0
MIA,,,,,,0.01,0.26,0.27,0.03,0.01,,2025-06-03 08:12:42.266895,23.0,35.0,42.0,61.0,65.0,96.0
CHW,,,,,,0.01,0.01,0.01,0.0,0.0,,2025-06-03 08:12:42.266895,18.0,42.0,40.0,62.0,58.0,104.0
COL,,,,,,0.0,0.0,0.0,0.0,0.0,,2025-06-03 08:12:42.266895,10.0,50.0,40.0,62.0,50.0,112.0
LAD,,,,,,74.13,19.24,93.38,28.27,16.55,,2025-06-03 14:02:52.221792,36.0,24.0,60.0,42.0,96.0,66.0
NYM,,,,,,49.59,37.52,87.12,15.98,8.46,,2025-06-03 14:02:52.221792,38.0,22.0,55.0,47.0,93.0,69.0
NYY,,,,,,60.58,24.16,84.73,18.66,9.01,,2025-06-03 14:02:52.221792,36.0,22.0,56.0,48.0,92.0,70.0
PHI,,,,,,40.86,41.39,82.25,14.51,7.66,,2025-06-03 14:02:52.221792,36.0,23.0,56.0,47.0,92.0,70.0
CHC,,,,,,58.73,18.22,76.95,10.21,4.77,,2025-06-03 14:02:52.221792,37.0,22.0,54.0,49.0,91.0,71.0
DET,,,,,,48.85,28.97,77.83,9.48,3.84,,2025-06-03 14:02:52.221792,40.0,21.0,50.0,51.0,90.0,72.0
SEA,,,,,,47.32,22.95,70.27,13.53,6.78,,2025-06-03 14:02:52.221792,32.0,26.0,56.0,48.0,88.0,74.0
MIN,,,,,,30.59,33.45,64.04,11.58,5.69,,2025-06-03 14:02:52.221792,32.0,27.0,55.0,47.0,87.0,74.0
HOU,,,,,,32.91,26.35,59.25,9.76,4.57,,2025-06-03 14:02:52.221792,32.0,27.0,54.0,49.0,86.0,76.0
SDP,,,,,,13.73,39.19,52.92,5.59,2.5,,2025-06-03 14:02:52.221792,34.0,24.0,52.0,52.0,86.0,76.0
ATL,,,,,,9.16,34.07,43.23,8.46,4.69,,2025-06-03 14:02:52.221792,27.0,31.0,58.0,44.0,85.0,75.0
TOR,,,,,,20.65,34.27,54.92,9.94,4.92,,2025-06-03 14:02:52.221792,31.0,28.0,54.0,48.0,85.0,76.0
STL,,,,,,19.9,21.79,41.69,3.68,1.62,,2025-06-03 14:02:52.221792,33.0,26.0,51.0,52.0,84.0,78.0
CLE,,,,,,12.29,27.37,39.66,4.78,2.02,,2025-06-03 14:02:52.221792,32.0,26.0,51.0,52.0,83.0,78.0
MIL,,,,,,17.03,20.04,37.08,3.91,1.92,,2025-06-03 14:02:52.221792,33.0,28.0,50.0,51.0,83.0,79.0
SFG,,,,,,7.85,31.66,39.51,3.91,1.71,,2025-06-03 14:02:52.221792,33.0,27.0,50.0,52.0,83.0,79.0
TEX,,,,,,16.88,20.32,37.19,5.91,2.83,,2025-06-03 14:02:52.221792,29.0,31.0,53.0,49.0,82.0,80.0
ARI,,,,,,4.28,24.75,29.03,3.94,1.85,,2025-06-03 14:02:52.221792,28.0,31.0,54.0,49.0,82.0,80.0
TBR,,,,,,10.23,26.44,36.67,5.13,2.23,,2025-06-03 14:02:52.221792,30.0,29.0,52.0,51.0,82.0,80.0
BOS,,,,,,6.39,19.33,25.72,4.3,2.15,,2025-06-03 14:02:52.221792,29.0,33.0,52.0,48.0,81.0,81.0
KCR,,,,,,8.25,22.41,30.66,3.51,1.65,,2025-06-03 14:02:52.221792,31.0,29.0,50.0,52.0,81.0,81.0
BAL,,,,,,2.15,8.89,11.05,2.5,1.43,,2025-06-03 14:02:52.221792,22.0,36.0,55.0,48.0,77.0,84.0
CIN,,,,,,3.91,7.49,11.39,1.06,0.51,,2025-06-03 14:02:52.221792,29.0,32.0,48.0,53.0,77.0,85.0
LAA,,,,,,2.44,4.12,6.57,0.69,0.33,,2025-06-03 14:02:52.221792,27.0,32.0,47.0,56.0,74.0,88.0
WSN,,,,,,0.37,3.4,3.77,0.32,0.14,,2025-06-03 14:02:52.221792,28.0,31.0,44.0,58.0,72.0,89.0
PIT,,,,,,0.43,0.97,1.41,0.12,0.08,,2025-06-03 14:02:52.221792,22.0,38.0,48.0,54.0,70.0,92.0
ATH,,,,,,0.46,0.98,1.44,0.21,0.1,,2025-06-03 14:02:52.221792,23.0,38.0,46.0,55.0,69.0,93.0
MIA,,,,,,0.01,0.26,0.27,0.03,0.01,,2025-06-03 14:02:52.221792,23.0,35.0,42.0,61.0,65.0,96.0
CHW,,,,,,0.01,0.01,0.01,0.0,0.0,,2025-06-03 14:02:52.221792,18.0,42.0,40.0,62.0,58.0,104.0
COL,,,,,,0.0,0.0,0.0,0.0,0.0,,2025-06-03 14:02:52.221792,10.0,50.0,40.0,62.0,50.0,112.0
LAD,,,,,,74.99,19.39,94.38,28.32,16.46,,2025-06-04 14:04:08.640133,37.0,24.0,60.0,41.0,97.0,65.0
NYY,,,,,,63.9,22.86,86.77,19.37,9.66,,2025-06-04 14:04:08.640133,37.0,22.0,56.0,47.0,93.0,69.0
NYM,,,,,,46.61,39.61,86.22,15.52,8.08,,2025-06-04 14:04:08.640133,38.0,23.0,55.0,46.0,93.0,69.0
PHI,,,,,,44.83,39.5,84.33,14.85,7.63,,2025-06-04 14:04:08.640133,37.0,23.0,55.0,47.0,92.0,70.0
CHC,,,,,,61.8,17.24,79.04,10.5,5.04,,2025-06-04 14:04:08.640133,38.0,22.0,53.0,49.0,91.0,71.0
DET,,,,,,45.26,31.15,76.41,9.45,3.75,,2025-06-04 14:04:08.640133,40.0,22.0,50.0,50.0,90.0,72.0
MIN,,,,,,34.03,32.59,66.62,11.96,5.97,,2025-06-04 14:04:08.640133,33.0,27.0,55.0,46.0,88.0,73.0
HOU,,,,,,36.95,25.14,62.09,10.38,4.81,,2025-06-04 14:04:08.640133,33.0,27.0,54.0,48.0,87.0,75.0
SEA,,,,,,44.22,23.09,67.31,12.89,6.49,,2025-06-04 14:04:08.640133,32.0,27.0,55.0,48.0,87.0,75.0
SDP,,,,,,14.32,41.92,56.24,6.19,2.77,,2025-06-04 14:04:08.640133,35.0,24.0,51.0,52.0,86.0,76.0
TOR,,,,,,17.11,35.58,52.69,9.04,4.49,,2025-06-04 14:04:08.640133,31.0,29.0,54.0,47.0,85.0,76.0
ATL,,,,,,8.28,32.48,40.76,8.16,4.88,,2025-06-04 14:04:08.640133,27.0,32.0,57.0,44.0,84.0,76.0
TBR,,,,,,10.94,28.88,39.83,5.45,2.35,,2025-06-04 14:04:08.640133,31.0,29.0,52.0,50.0,83.0,79.0
CLE,,,,,,11.36,25.68,37.04,4.59,2.04,,2025-06-04 14:04:08.640133,32.0,27.0,51.0,51.0,83.0,78.0
ARI,,,,,,4.42,28.34,32.77,4.01,2.08,,2025-06-04 14:04:08.640133,29.0,31.0,54.0,48.0,83.0,79.0
MIL,,,,,,15.19,18.55,33.74,3.71,1.67,,2025-06-04 14:04:08.640133,33.0,29.0,50.0,50.0,83.0,79.0
STL,,,,,,18.28,20.79,39.07,3.44,1.42,,2025-06-04 14:04:08.640133,33.0,27.0,50.0,52.0,83.0,79.0
SFG,,,,,,6.26,29.68,35.95,3.71,1.58,,2025-06-04 14:04:08.640133,33.0,28.0,50.0,51.0,83.0,79.0
KCR,,,,,,9.35,23.43,32.77,3.72,1.59,,2025-06-04 14:04:08.640133,32.0,29.0,50.0,51.0,82.0,80.0
TEX,,,,,,15.56,18.52,34.08,5.62,2.67,,2025-06-04 14:04:08.640133,29.0,32.0,52.0,49.0,81.0,81.0
BOS,,,,,,5.56,17.68,23.24,4.06,2.05,,2025-06-04 14:04:08.640133,29.0,34.0,51.0,48.0,80.0,82.0
CIN,,,,,,4.35,8.67,13.02,1.23,0.52,,2025-06-04 14:04:08.640133,30.0,32.0,48.0,52.0,78.0,84.0
BAL,,,,,,2.48,9.9,12.38,2.55,1.47,,2025-06-04 14:04:08.640133,23.0,36.0,54.0,48.0,77.0,84.0
LAA,,,,,,2.92,4.58,7.5,0.73,0.29,,2025-06-04 14:04:08.640133,28.0,32.0,46.0,56.0,74.0,88.0
WSN,,,,,,0.27,2.8,3.07,0.22,0.1,,2025-06-04 14:04:08.640133,28.0,32.0,44.0,57.0,72.0,89.0
PIT,,,,,,0.38,0.85,1.23,0.14,0.06,,2025-06-04 14:04:08.640133,22.0,39.0,47.0,54.0,69.0,93.0
ATH,,,,,,0.36,0.91,1.26,0.18,0.08,,2025-06-04 14:04:08.640133,23.0,39.0,46.0,54.0,69.0,93.0
MIA,,,,,,0.01,0.18,0.19,0.01,0.0,,2025-06-04 14:04:08.640133,23.0,36.0,42.0,60.0,65.0,96.0
CHW,,,,,,0.01,0.01,0.01,0.0,0.0,,2025-06-04 14:04:08.640133,19.0,42.0,40.0,61.0,59.0,103.0
COL,,,,,,0.0,0.0,0.0,0.0,0.0,,2025-06-04 14:04:08.640133,11.0,50.0,39.0,62.0,50.0,112.0
LAD,,,,,,72.88,20.87,93.75,27.83,15.88,,2025-06-05 14:02:59.414777,37.0,25.0,59.0,41.0,96.0,66.0
NYM,,,,,,52.03,36.31,88.34,16.41,8.67,,2025-06-05 14:02:59.414777,39.0,23.0,55.0,45.0,94.0,68.0
NYY,,,,,,60.32,25.08,85.41,19.02,9.34,,2025-06-05 14:02:59.414777,37.0,23.0,55.0,47.0,92.0,70.0
PHI,,,,,,40.69,41.82,82.5,14.49,7.64,,2025-06-05 14:02:59.414777,37.0,24.0,55.0,46.0,92.0,70.0
CHC,,,,,,60.43,17.0,77.43,10.03,4.87,,2025-06-05 14:02:59.414777,38.0,23.0,52.0,49.0,90.0,72.0
DET,,,,,,46.73,31.45,78.18,9.89,4.0,,2025-06-05 14:02:59.414777,41.0,22.0,49.0,50.0,90.0,72.0
MIN,,,,,,33.91,34.54,68.46,12.55,5.9,,2025-06-05 14:02:59.414777,34.0,27.0,54.0,46.0,88.0,73.0
SEA,,,,,,43.71,20.66,64.37,12.22,6.24,,2025-06-05 14:02:59.414777,32.0,28.0,55.0,47.0,87.0,75.0
HOU,,,,,,36.96,22.36,59.33,9.4,4.47,,2025-06-05 14:02:59.414777,33.0,28.0,53.0,48.0,86.0,76.0
SDP,,,,,,13.39,40.01,53.4,6.07,2.72,,2025-06-05 14:02:59.414777,35.0,25.0,51.0,51.0,86.0,76.0
TOR,,,,,,19.65,35.58,55.22,9.59,4.64,,2025-06-05 14:02:59.414777,32.0,29.0,53.0,47.0,85.0,76.0
ATL,,,,,,6.88,31.37,38.26,7.46,4.3,,2025-06-05 14:02:59.414777,27.0,33.0,57.0,43.0,84.0,76.0
TBR,,,,,,11.7,29.01,40.71,5.62,2.65,,2025-06-05 14:02:59.414777,32.0,29.0,51.0,50.0,83.0,79.0
CLE,,,,,,11.99,28.44,40.43,5.01,2.14,,2025-06-05 14:02:59.414777,33.0,27.0,50.0,51.0,83.0,78.0
ARI,,,,,,5.75,29.53,35.27,4.81,2.48,,2025-06-05 14:02:59.414777,30.0,31.0,53.0,48.0,83.0,79.0
MIL,,,,,,17.3,19.68,36.99,3.79,1.65,,2025-06-05 14:02:59.414777,34.0,29.0,49.0,50.0,83.0,79.0
STL,,,,,,17.53,19.28,36.81,3.36,1.5,,2025-06-05 14:02:59.414777,33.0,27.0,50.0,51.0,83.0,78.0
SFG,,,,,,7.98,31.8,39.77,4.23,1.91,,2025-06-05 14:02:59.414777,34.0,28.0,49.0,51.0,83.0,79.0
BOS,,,,,,5.93,18.89,24.83,4.3,2.27,,2025-06-05 14:02:59.414777,30.0,34.0,51.0,47.0,81.0,81.0
TEX,,,,,,16.08,16.28,32.36,5.15,2.58,,2025-06-05 14:02:59.414777,29.0,33.0,52.0,48.0,81.0,81.0
KCR,,,,,,7.37,22.59,29.95,3.56,1.47,,2025-06-05 14:02:59.414777,32.0,29.0,49.0,51.0,81.0,80.0
BAL,,,,,,2.4,10.38,12.78,2.74,1.52,,2025-06-05 14:02:59.414777,24.0,36.0,54.0,47.0,78.0,83.0
CIN,,,,,,4.21,7.71,11.93,1.16,0.56,,2025-06-05 14:02:59.414777,30.0,33.0,47.0,52.0,77.0,85.0
LAA,,,,,,2.82,4.01,6.83,0.74,0.35,,2025-06-05 14:02:59.414777,28.0,33.0,46.0,55.0,74.0,88.0
WSN,,,,,,0.39,3.58,3.98,0.21,0.08,,2025-06-05 14:02:59.414777,29.0,32.0,44.0,56.0,73.0,88.0
PIT,,,,,,0.52,0.89,1.41,0.15,0.09,,2025-06-05 14:02:59.414777,23.0,39.0,47.0,53.0,70.0,92.0
ATH,,,,,,0.43,0.71,1.14,0.18,0.08,,2025-06-05 14:02:59.414777,23.0,40.0,46.0,53.0,69.0,93.0
MIA,,,,,,0.01,0.15,0.16,0.01,0.0,,2025-06-05 14:02:59.414777,23.0,37.0,41.0,60.0,64.0,97.0
CHW,,,,,,0.0,0.01,0.01,0.0,0.0,,2025-06-05 14:02:59.414777,19.0,43.0,39.0,61.0,58.0,104.0
COL,,,,,,0.0,0.0,0.0,0.0,0.0,,2025-06-05 14:02:59.414777,12.0,50.0,39.0,61.0,51.0,111.0
LAD,,,,,,76.24,18.67,94.91,28.63,16.48,,2025-06-06 14:01:18.629268,38.0,25.0,59.0,40.0,97.0,65.0
NYM,,,,,,51.46,35.2,86.67,15.89,8.24,,2025-06-06 14:01:18.629268,39.0,24.0,54.0,45.0,93.0,69.0
NYY,,,,,,59.75,26.82,86.57,19.16,9.42,,2025-06-06 14:01:18.629268,38.0,23.0,54.0,47.0,92.0,70.0
CHC,,,,,,60.69,17.77,78.46,10.49,4.75,,2025-06-06 14:01:18.629268,39.0,23.0,52.0,48.0,91.0,71.0
PHI,,,,,,41.33,39.63,80.96,13.96,7.05,,2025-06-06 14:01:18.629268,37.0,25.0,54.0,46.0,91.0,71.0
DET,,,,,,45.06,30.34,75.4,9.31,3.75,,2025-06-06 14:01:18.629268,41.0,23.0,49.0,49.0,90.0,72.0
HOU,,,,,,40.38,21.26,61.64,9.81,4.7,,2025-06-06 14:01:18.629268,34.0,28.0,53.0,47.0,87.0,75.0
MIN,,,,,,33.91,31.92,65.83,11.86,5.64,,2025-06-06 14:01:18.629268,34.0,28.0,53.0,46.0,87.0,74.0
TOR,,,,,,19.84,38.12,57.96,10.32,5.11,,2025-06-06 14:01:18.629268,33.0,29.0,53.0,46.0,86.0,75.0
SEA,,,,,,41.32,20.39,61.71,11.54,5.78,,2025-06-06 14:01:18.629268,32.0,29.0,54.0,47.0,86.0,76.0
SDP,,,,,,11.2,39.89,51.09,5.5,2.61,,2025-06-06 14:01:18.629268,35.0,26.0,50.0,51.0,85.0,77.0
TBR,,,,,,12.16,31.99,44.14,5.93,2.93,,2025-06-06 14:01:18.629268,33.0,29.0,51.0,49.0,84.0,78.0
SFG,,,,,,7.31,34.58,41.88,4.27,1.89,,2025-06-06 14:01:18.629268,35.0,28.0,49.0,50.0,84.0,78.0
ARI,,,,,,5.25,33.11,38.36,4.9,2.49,,2025-06-06 14:01:18.629268,31.0,31.0,53.0,47.0,84.0,78.0
MIL,,,,,,16.33,19.98,36.31,4.06,1.99,,2025-06-06 14:01:18.629268,34.0,29.0,49.0,50.0,83.0,79.0
STL,,,,,,18.52,20.91,39.44,3.55,1.55,,2025-06-06 14:01:18.629268,34.0,28.0,49.0,51.0,83.0,79.0
CLE,,,,,,11.62,26.02,37.65,4.93,2.08,,2025-06-06 14:01:18.629268,33.0,28.0,50.0,50.0,83.0,78.0
ATL,,,,,,6.85,27.82,34.67,7.08,4.16,,2025-06-06 14:01:18.629268,27.0,34.0,56.0,43.0,83.0,77.0
KCR,,,,,,9.41,22.55,31.96,3.86,1.79,,2025-06-06 14:01:18.629268,33.0,30.0,49.0,50.0,82.0,80.0
BOS,,,,,,5.56,18.98,24.55,4.12,2.14,,2025-06-06 14:01:18.629268,30.0,34.0,51.0,47.0,81.0,81.0
TEX,,,,,,14.36,14.82,29.18,4.92,2.38,,2025-06-06 14:01:18.629268,29.0,34.0,51.0,48.0,80.0,82.0
BAL,,,,,,2.7,12.0,14.69,3.15,1.82,,2025-06-06 14:01:18.629268,25.0,36.0,53.0,47.0,78.0,83.0
CIN,,,,,,3.98,8.29,12.26,1.27,0.55,,2025-06-06 14:01:18.629268,30.0,33.0,47.0,52.0,77.0,85.0
LAA,,,,,,3.37,3.97,7.34,0.94,0.41,,2025-06-06 14:01:18.629268,28.0,33.0,46.0,55.0,74.0,88.0
WSN,,,,,,0.36,3.01,3.36,0.21,0.08,,2025-06-06 14:01:18.629268,29.0,33.0,43.0,56.0,72.0,89.0
PIT,,,,,,0.48,0.98,1.47,0.17,0.07,,2025-06-06 14:01:18.629268,23.0,40.0,46.0,53.0,69.0,93.0
ATH,,,,,,0.57,0.8,1.38,0.14,0.09,,2025-06-06 14:01:18.629268,24.0,40.0,45.0,53.0,69.0,93.0
MIA,,,,,,0.01,0.14,0.14,0.01,0.01,,2025-06-06 14:01:18.629268,23.0,37.0,41.0,60.0,64.0,97.0
CHW,,,,,,0.0,0.01,0.01,0.0,0.0,,2025-06-06 14:01:18.629268,20.0,43.0,39.0,60.0,59.0,103.0
COL,,,,,,0.0,0.0,0.0,0.0,0.0,,2025-06-06 14:01:18.629268,12.0,50.0,39.0,61.0,51.0,111.0
LAD,,,,,,74.79,19.58,94.37,28.41,16.34,,2025-06-07 13:55:14.845606,38.0,25.0,58.0,40.0,96.0,65.0
NYY,,,,,,60.25,26.38,86.63,18.76,9.45,,2025-06-07 13:55:14.845606,38.0,23.0,54.0,46.0,92.0,69.0
NYM,,,,,,51.12,34.78,85.91,15.53,8.05,,2025-06-07 13:55:14.845606,39.0,24.0,53.0,45.0,92.0,69.0
PHI,,,,,,41.43,39.55,80.98,14.7,7.78,,2025-06-07 13:55:14.845606,37.0,25.0,54.0,45.0,91.0,70.0
CHC,,,,,,60.76,17.84,78.59,10.42,4.97,,2025-06-07 13:55:14.845606,39.0,23.0,51.0,48.0,90.0,71.0
DET,,,,,,45.8,30.66,76.47,9.8,3.89,,2025-06-07 13:55:14.845606,41.0,23.0,48.0,49.0,89.0,72.0
MIN,,,,,,33.47,32.77,66.23,12.52,6.21,,2025-06-07 13:55:14.845606,34.0,28.0,53.0,45.0,87.0,73.0
HOU,,,,,,41.36,21.17,62.53,10.17,4.79,,2025-06-07 13:55:14.845606,34.0,28.0,52.0,47.0,86.0,75.0
SEA,,,,,,40.67,20.62,61.3,11.21,5.6,,2025-06-07 13:55:14.845606,32.0,29.0,54.0,46.0,86.0,75.0
SDP,,,,,,11.02,39.56,50.58,5.52,2.51,,2025-06-07 13:55:14.845606,35.0,26.0,50.0,50.0,85.0,76.0
TOR,,,,,,20.5,38.21,58.7,10.11,4.83,,2025-06-07 13:55:14.845606,33.0,29.0,52.0,46.0,85.0,75.0
TBR,,,,,,11.33,32.23,43.56,6.0,2.77,,2025-06-07 13:55:14.845606,33.0,29.0,50.0,49.0,83.0,78.0
SFG,,,,,,7.99,34.69,42.68,4.23,1.98,,2025-06-07 13:55:14.845606,35.0,28.0,48.0,50.0,83.0,78.0
CLE,,,,,,11.74,25.84,37.58,4.78,2.04,,2025-06-07 13:55:14.845606,33.0,28.0,50.0,49.0,83.0,77.0
ARI,,,,,,6.21,32.15,38.35,4.91,2.56,,2025-06-07 13:55:14.845606,31.0,31.0,52.0,47.0,83.0,78.0
MIL,,,,,,16.55,20.27,36.82,3.74,1.6,,2025-06-07 13:55:14.845606,34.0,29.0,49.0,49.0,83.0,78.0
STL,,,,,,18.59,21.95,40.54,3.67,1.59,,2025-06-07 13:55:14.845606,34.0,28.0,49.0,50.0,83.0,78.0
ATL,,,,,,7.04,27.77,34.82,7.29,4.3,,2025-06-07 13:55:14.845606,27.0,34.0,56.0,42.0,83.0,76.0
KCR,,,,,,8.98,22.02,31.0,3.69,1.65,,2025-06-07 13:55:14.845606,33.0,30.0,48.0,50.0,81.0,80.0
BOS,,,,,,5.36,19.16,24.51,4.16,2.05,,2025-06-07 13:55:14.845606,30.0,34.0,50.0,47.0,80.0,81.0
TEX,,,,,,14.36,14.39,28.75,4.81,2.37,,2025-06-07 13:55:14.845606,29.0,34.0,51.0,47.0,80.0,81.0
BAL,,,,,,2.57,11.77,14.34,3.09,1.6,,2025-06-07 13:55:14.845606,25.0,36.0,52.0,47.0,77.0,83.0
CIN,,,,,,3.77,7.91,11.68,1.17,0.53,,2025-06-07 13:55:14.845606,30.0,33.0,47.0,51.0,77.0,84.0
LAA,,,,,,3.15,3.91,7.06,0.73,0.29,,2025-06-07 13:55:14.845606,28.0,33.0,46.0,54.0,74.0,87.0
WSN,,,,,,0.4,2.94,3.33,0.25,0.07,,2025-06-07 13:55:14.845606,29.0,33.0,43.0,55.0,72.0,88.0
PIT,,,,,,0.32,0.92,1.23,0.14,0.07,,2025-06-07 13:55:14.845606,23.0,40.0,46.0,52.0,69.0,92.0
ATH,,,,,,0.46,0.85,1.31,0.17,0.08,,2025-06-07 13:55:14.845606,24.0,40.0,45.0,52.0,69.0,92.0
MIA,,,,,,0.01,0.11,0.11,0.01,0.01,,2025-06-07 13:55:14.845606,23.0,37.0,41.0,59.0,64.0,96.0
CHW,,,,,,0.01,0.01,0.01,0.01,0.01,,2025-06-07 13:55:14.845606,20.0,43.0,39.0,59.0,59.0,102.0
COL,,,,,,0.0,0.0,0.0,0.0,0.0,,2025-06-07 13:55:14.845606,12.0,50.0,38.0,61.0,50.0,111.0
LAD,,,,,,70.62,22.21,92.83,27.93,16.2,,2025-06-08 13:55:45.870009,38.0,27.0,58.0,39.0,96.0,66.0
NYM,,,,,,59.16,29.68,88.84,16.75,8.53,,2025-06-08 13:55:45.870009,41.0,24.0,53.0,44.0,94.0,68.0
NYY,,,,,,58.77,28.62,87.38,19.04,9.58,,2025-06-08 13:55:45.870009,39.0,24.0,54.0,45.0,93.0,69.0
CHC,,,,,,58.44,19.72,78.16,10.84,5.08,,2025-06-08 13:55:45.870009,40.0,24.0,51.0,47.0,91.0,71.0
PHI,,,,,,34.73,41.34,76.07,13.56,7.17,,2025-06-08 13:55:45.870009,37.0,27.0,53.0,45.0,90.0,72.0
DET,,,,,,50.28,26.57,76.84,9.53,3.69,,2025-06-08 13:55:45.870009,42.0,24.0,48.0,48.0,90.0,72.0
TOR,,,,,,23.3,41.91,65.2,11.21,5.56,,2025-06-08 13:55:45.870009,35.0,29.0,52.0,45.0,87.0,74.0
HOU,,,,,,48.09,20.0,68.09,11.38,5.16,,2025-06-08 13:55:45.870009,36.0,28.0,51.0,47.0,87.0,75.0
MIN,,,,,,30.63,30.87,61.5,11.24,5.7,,2025-06-08 13:55:45.870009,34.0,30.0,52.0,45.0,86.0,75.0
SDP,,,,,,12.53,38.47,51.0,5.34,2.6,,2025-06-08 13:55:45.870009,36.0,27.0,49.0,50.0,85.0,77.0
SFG,,,,,,11.84,37.87,49.71,5.27,2.34,,2025-06-08 13:55:45.870009,37.0,28.0,48.0,49.0,85.0,77.0
SEA,,,,,,33.56,22.12,55.68,10.85,5.4,,2025-06-08 13:55:45.870009,32.0,31.0,53.0,46.0,85.0,77.0
STL,,,,,,21.37,24.47,45.84,4.1,1.7,,2025-06-08 13:55:45.870009,36.0,28.0,48.0,50.0,84.0,78.0
TBR,,,,,,10.62,33.58,44.2,5.97,2.68,,2025-06-08 13:55:45.870009,34.0,30.0,49.0,49.0,83.0,79.0
ARI,,,,,,5.02,26.77,31.79,4.25,2.2,,2025-06-08 13:55:45.870009,31.0,33.0,52.0,46.0,83.0,79.0
MIL,,,,,,15.14,21.64,36.78,3.73,1.66,,2025-06-08 13:55:45.870009,35.0,30.0,48.0,49.0,83.0,79.0
CLE,,,,,,10.93,23.26,34.19,4.22,1.83,,2025-06-08 13:55:45.870009,33.0,30.0,49.0,49.0,82.0,79.0
ATL,,,,,,5.73,23.59,29.32,6.25,3.81,,2025-06-08 13:55:45.870009,27.0,36.0,55.0,42.0,82.0,78.0
BOS,,,,,,5.2,20.46,25.66,4.35,2.19,,2025-06-08 13:55:45.870009,31.0,35.0,50.0,46.0,81.0,81.0
KCR,,,,,,8.17,18.93,27.1,3.16,1.41,,2025-06-08 13:55:45.870009,33.0,32.0,48.0,49.0,81.0,81.0
TEX,,,,,,13.99,14.92,28.91,4.67,2.39,,2025-06-08 13:55:45.870009,30.0,35.0,50.0,47.0,80.0,82.0
BAL,,,,,,2.11,12.29,14.4,3.1,1.66,,2025-06-08 13:55:45.870009,26.0,37.0,52.0,46.0,78.0,83.0
CIN,,,,,,4.61,10.12,14.72,1.51,0.72,,2025-06-08 13:55:45.870009,32.0,33.0,46.0,51.0,78.0,84.0
LAA,,,,,,3.77,5.5,9.28,1.07,0.45,,2025-06-08 13:55:45.870009,30.0,33.0,45.0,54.0,75.0,87.0
WSN,,,,,,0.34,2.79,3.14,0.28,0.11,,2025-06-08 13:55:45.870009,30.0,34.0,42.0,55.0,72.0,89.0
PIT,,,,,,0.46,1.23,1.7,0.17,0.08,,2025-06-08 13:55:45.870009,25.0,40.0,46.0,51.0,71.0,91.0
ATH,,,,,,0.57,0.97,1.55,0.24,0.11,,2025-06-08 13:55:45.870009,25.0,41.0,44.0,52.0,69.0,93.0
MIA,,,,,,0.03,0.1,0.12,0.01,0.01,,2025-06-08 13:55:45.870009,24.0,38.0,40.0,59.0,64.0,97.0
CHW,,,,,,0.0,0.01,0.01,0.0,0.0,,2025-06-08 13:55:45.870009,22.0,43.0,38.0,59.0,60.0,102.0
COL,,,,,,0.0,0.0,0.0,0.0,0.0,,2025-06-08 13:55:45.870009,12.0,52.0,38.0,60.0,50.0,112.0
LAD,,,,,,72.91,21.41,94.32,28.36,16.34,,2025-06-09 14:01:59.552954,39.0,27.0,57.0,39.0,96.0,66.0
NYM,,,,,,63.67,26.92,90.59,18.3,9.04,,2025-06-09 14:01:59.552954,42.0,24.0,52.0,44.0,94.0,68.0
NYY,,,,,,56.95,28.76,85.72,18.41,9.41,,2025-06-09 14:01:59.552954,39.0,25.0,53.0,45.0,92.0,70.0
CHC,,,,,,57.12,19.89,77.0,10.17,4.71,,2025-06-09 14:01:59.552954,40.0,25.0,50.0,47.0,90.0,72.0
PHI,,,,,,31.14,43.84,74.99,13.19,6.87,,2025-06-09 14:01:59.552954,37.0,28.0,53.0,44.0,90.0,72.0
DET,,,,,,50.18,28.62,78.81,9.75,3.83,,2025-06-09 14:01:59.552954,43.0,24.0,47.0,48.0,90.0,72.0
HOU,,,,,,43.97,19.86,63.83,10.57,4.88,,2025-06-09 14:01:59.552954,36.0,29.0,51.0,46.0,87.0,75.0
MIN,,,,,,31.42,32.23,63.65,11.97,5.92,,2025-06-09 14:01:59.552954,35.0,30.0,52.0,44.0,87.0,74.0
TOR,,,,,,22.88,39.37,62.25,10.82,5.27,,2025-06-09 14:01:59.552954,35.0,30.0,51.0,45.0,86.0,75.0
SDP,,,,,,13.18,42.49,55.67,6.15,2.86,,2025-06-09 14:01:59.552954,37.0,27.0,49.0,49.0,86.0,76.0
SFG,,,,,,9.99,38.05,48.04,4.17,1.85,,2025-06-09 14:01:59.552954,38.0,28.0,47.0,49.0,85.0,77.0
SEA,,,,,,36.54,20.47,57.01,10.85,5.58,,2025-06-09 14:01:59.552954,33.0,31.0,52.0,46.0,85.0,77.0
TBR,,,,,,12.22,33.1,45.32,6.25,2.8,,2025-06-09 14:01:59.552954,35.0,30.0,49.0,48.0,84.0,78.0
STL,,,,,,21.6,23.96,45.56,4.0,1.77,,2025-06-09 14:01:59.552954,36.0,29.0,48.0,49.0,84.0,78.0
CLE,,,,,,10.82,25.27,36.09,4.35,2.17,,2025-06-09 14:01:59.552954,34.0,30.0,49.0,48.0,83.0,78.0
MIL,,,,,,15.34,19.4,34.74,3.69,1.82,,2025-06-09 14:01:59.552954,35.0,31.0,48.0,48.0,83.0,79.0
ARI,,,,,,3.92,26.61,30.53,4.03,2.0,,2025-06-09 14:01:59.552954,31.0,34.0,51.0,46.0,82.0,80.0
ATL,,,,,,4.83,22.24,27.07,5.92,3.63,,2025-06-09 14:01:59.552954,27.0,37.0,55.0,41.0,82.0,78.0
BOS,,,,,,5.88,21.08,26.96,4.63,2.4,,2025-06-09 14:01:59.552954,32.0,35.0,49.0,46.0,81.0,81.0
KCR,,,,,,7.58,19.82,27.4,3.44,1.57,,2025-06-09 14:01:59.552954,34.0,32.0,47.0,49.0,81.0,81.0
TEX,,,,,,14.77,14.38,29.16,4.88,2.42,,2025-06-09 14:01:59.552954,31.0,35.0,49.0,47.0,80.0,82.0
CIN,,,,,,5.36,10.97,16.32,1.6,0.68,,2025-06-09 14:01:59.552954,33.0,33.0,46.0,50.0,79.0,83.0
BAL,,,,,,2.05,10.38,12.44,2.66,1.43,,2025-06-09 14:01:59.552954,26.0,38.0,51.0,46.0,77.0,84.0
LAA,,,,,,4.14,5.7,9.84,1.19,0.48,,2025-06-09 14:01:59.552954,30.0,34.0,46.0,52.0,76.0,86.0
WSN,,,,,,0.34,2.65,2.99,0.18,0.07,,2025-06-09 14:01:59.552954,30.0,35.0,42.0,54.0,72.0,89.0
PIT,,,,,,0.59,1.46,2.04,0.24,0.1,,2025-06-09 14:01:59.552954,26.0,40.0,45.0,51.0,71.0,91.0
ATH,,,,,,0.57,0.95,1.52,0.21,0.11,,2025-06-09 14:01:59.552954,26.0,41.0,44.0,51.0,70.0,92.0
MIA,,,,,,0.01,0.12,0.13,0.01,0.0,,2025-06-09 14:01:59.552954,24.0,39.0,40.0,58.0,64.0,97.0
CHW,,,,,,0.0,0.01,0.01,0.0,0.0,,2025-06-09 14:01:59.552954,22.0,44.0,38.0,58.0,60.0,102.0
COL,,,,,,0.0,0.0,0.0,0.0,0.0,,2025-06-09 14:01:59.552954,12.0,53.0,38.0,59.0,50.0,112.0
